5.685696199161096587e-01,9.893525622602126202e-01,5.755811311407119657e-01
4.309300833249841145e-01,-3.405460508887749871e-01,-2.769935280615844486e-01
1.193877960468328059e-01,7.910258066664885845e-01,1.133658361861491048e+00
7.361245217098161264e-01,-1.658780879507127937e-01,1.798101082161767672e-01
8.368060997961563885e-01,-5.194065193454161511e-02,1.070933678198185746e+00
4.496398590447137633e-01,6.465188606224619994e-02,-6.207739817649102765e-01
6.560039434281308424e-01,8.717269904185886986e-01,1.166425790388662120e+00
9.947859224923751853e-01,2.663912702671438759e-01,8.189565177774273952e-01
1.601994019079399645e-01,3.087066295056483112e-01,6.008101333314188608e-01
2.495961192784992844e-01,8.597810303526807196e-01,-2.342102439716910456e-01
9.052146231688924516e-01,-3.532285305595916913e-02,-6.738180185351279050e-01
1.400985697775106065e+00,2.007563095397733588e-01,8.951743477570459628e-01
7.478554012601801304e-01,-7.157397283423977408e-02,-4.108139285999748425e-01
1.975280805205187895e-01,6.603064659363027111e-01,-4.229506328259681758e-01
4.358509391600735028e-01,9.145193860968467980e-01,7.914482329233409885e-01
-3.318219306716465589e-01,6.344866741477281913e-01,-3.874733780838260366e-01
4.638604450220067399e-01,-2.193545050096055160e-01,-6.412911676246342285e-01
5.374232873877160532e-01,6.271685608857422434e-01,-3.221677539570533266e-02
4.733263714944047074e-02,2.891375652120404816e-01,1.717021067513812560e-01
9.942692851355121597e-01,3.084391215310801071e-01,1.579900595493783366e-01
-5.468310620715299830e-02,-3.461064957174730949e-02,-2.936875726721482338e-01
6.755517242236870334e-01,1.007530268510195226e+00,3.866835624237182079e-01
7.900920263858375314e-01,1.234277820074458187e+00,1.214797235738998671e+00
4.882126372547955229e-01,6.973589524699237430e-01,3.668165427926737832e-01
5.960000998882053480e-01,2.045012203764562386e-01,-3.517422224617100524e-02
8.809758575135914205e-01,7.636475341769813907e-01,9.133067411501745170e-01
7.087005276041190571e-01,1.213785040066852172e+00,1.034946151956537053e+00
5.576206945784714097e-01,1.531469666943097441e-01,8.907433193193483589e-01
7.533454040159623943e-01,1.298259597532900878e-01,-8.095501402725855389e-01
-1.060270206698444850e-01,5.542652034569561792e-01,-3.742732707360078570e-01
3.250248870767905585e-01,-1.589276280836214861e-01,-4.587085930512659337e-01
8.624546334126347302e-01,9.677140259536203271e-01,9.204010944198410815e-01
1.022670476184007748e+00,-2.150695154026065481e-01,1.182138662118161987e+00
-3.034747182931449849e-01,6.326409513156010522e-01,2.842882260063416267e-01
-3.848495015778797823e-01,4.596932287882899981e-01,-2.020166591400463507e-01
9.548488896958514660e-01,2.480029783091416418e-01,8.124153833759852894e-01
2.457873634383777595e-01,-2.080770613631176547e-01,-1.263355640609228336e-01
3.979618296869551486e-01,7.130019958257566293e-01,7.849558175541130334e-01
1.272790331077244819e-01,9.232300811301062948e-01,9.342603953210830703e-01
3.091337436752794599e-01,1.177177159810781082e-01,-6.493510519791509950e-01
2.588043164745247871e-01,-3.855503573370158144e-01,-3.377693237384747360e-01
3.032674656618506992e-01,8.696759928205179957e-01,1.964719945996981632e-01
6.471461146606662940e-01,3.895481627673200720e-01,2.775656182851716780e-01
1.194297403407157177e+00,3.280649826713607498e-01,8.581082763480802900e-01
-2.388644562728794440e-01,7.987450497991371856e-02,-3.931325635072716040e-01
-1.395049013564495510e-01,7.479107357039473936e-01,-3.904908047810106697e-01
5.141507315572347858e-01,6.901131798306497922e-01,-4.211773108622953177e-01
3.457052848236759623e-01,-2.629331072983114304e-01,-3.555587244873170683e-02
9.947389015476831853e-02,8.976085737226010552e-01,3.991182741582025573e-01
5.146314305407924117e-01,8.667497503201864184e-01,7.420257010416448917e-01
1.099780584583929244e+00,1.694609352282198944e-01,3.343077311551478359e-01
4.884464945995615759e-01,1.061978588114249389e+00,7.931027543556562476e-01
1.350020333359786662e+00,1.118656886812157691e-01,4.529402670423164912e-01
7.656708762678929858e-01,9.050245904012179654e-01,6.390115901229148632e-01
9.066011717832830330e-01,1.780218041017536390e-01,5.581611965059535274e-02
2.260588038522137189e-01,2.706159590685310867e-01,1.215337339333596167e-01
1.609095801475314280e-01,9.796339482716537317e-01,-2.303556173780980099e-01
4.696323111332419975e-01,6.388754847138562454e-01,2.295208738685567407e-01
6.760789259017208064e-01,4.853998705524890100e-01,-3.465147558781946358e-01
1.018714582646373046e+00,6.890132464195215523e-01,8.687521629536743006e-01
3.412503795382025862e-01,-4.143303838349959856e-02,6.735351527085431389e-01
3.537639779125638650e-01,6.908587853634343690e-01,2.814193407843766370e-01
7.115228892337344124e-01,5.063734758097487854e-01,9.425613864157056376e-01
4.857224748442313111e-01,2.206711642916324156e-01,-6.865693658090661344e-01
7.341782933339452422e-01,5.276496656434399579e-01,-3.904586546366245470e-02
5.216452622575825648e-01,-2.340348451863747403e-01,-4.879039816077715419e-01
6.852627190486588749e-01,1.303587120815409950e+00,6.663493320232609651e-01
6.185545907631156970e-02,2.008148953321048924e-01,1.446990430977881381e-01
1.117024365434573507e-01,4.682836442585897041e-01,1.095358274572711399e-01
7.998077732026527276e-01,-9.374560507784573948e-02,7.692802359887864760e-01
7.058020465352321526e-01,1.030341022884183055e-01,-7.731059596184937099e-01
-4.851521479593196018e-01,7.185097880277797611e-01,5.376730642500177071e-02
6.283070361278455529e-01,1.110718964140939846e-01,1.216877970728245550e+00
6.276126028621823449e-01,-1.291999661752072370e-01,6.817583803277147414e-01
1.079342524750948495e+00,-6.914863502207890811e-02,6.833180107754066590e-01
4.525062649034059525e-01,2.632306435527788091e-01,1.033657394548208819e+00
9.931292228665127286e-01,1.040194238744347466e-01,-5.446823289196073281e-02
7.998675458369182145e-01,5.235044117439435762e-01,1.129116119848379896e+00
8.432303079338955287e-01,1.955914002764639059e-01,1.145544266977204684e+00
7.223452554276845738e-01,-2.154701702554906451e-01,-6.689306896808394631e-02
6.342086632947946390e-02,8.308682751866967031e-01,6.812237271587584519e-03
5.765184242701981709e-01,6.823017449820034663e-01,-4.383937199012259422e-01
5.842320904524196390e-01,1.083049149047417004e+00,9.154646809207611646e-01
7.559515538741229390e-01,-2.614572984932808097e-01,7.471892107319566545e-01
2.404356916550903223e-01,5.516918222889194423e-01,2.007978850841871665e-01
7.628589341517405531e-02,5.493231422533029207e-01,3.753681037200021775e-01
6.421507722732011647e-01,8.975982221349749768e-01,7.935922356592263194e-01
4.084073450953129569e-01,1.372218111370998583e-01,8.660383617139291168e-01
7.646380998849755528e-01,-8.040861177186958697e-02,1.815432227458174119e-01
7.393323168729916128e-01,-5.344103610865780229e-02,-5.975651040460867591e-01
5.562537366011666151e-01,9.944536104860502990e-01,1.299252434059776362e-01
2.926832091585775397e-01,3.319638160472863087e-01,-6.335700735351992297e-01
-2.091722867395749974e-01,4.998999443880567384e-01,-2.710915375934380145e-01
-1.128121346447819029e-02,5.992962469833696959e-01,6.123325616571611008e-01
8.083485508099615968e-01,-9.333597371722079927e-02,4.842542268172733699e-02
2.963035678269340112e-01,8.106107907128154988e-01,3.386061979081483875e-01
2.113301347836493704e-01,4.500337928827296552e-01,9.734645478493924031e-01
4.235390730671034776e-01,-9.129537624549183272e-02,-1.589403485069740274e-01
5.384705683992898617e-01,5.759759922873306515e-01,1.260823022191769560e+00
9.247253559054651184e-01,-1.988836457262074253e-01,4.166424708128442234e-01
9.634868682747794733e-01,-2.622840378376988246e-01,7.413372584401860532e-01
7.131913173595623157e-01,3.176876440590665762e-01,-6.420987426201602011e-02
1.037964576604800904e+00,1.715460793903512970e-01,6.029556218130369682e-01
8.033842590724535881e-01,2.670855924568574791e-01,-1.419892341187167784e-02
6.641562319638204537e-01,1.001112513286274375e+00,1.088963610151912897e+00
6.400992977191966027e-01,1.932647132233985543e-01,1.980361910397943626e-01
5.345021404040971591e-01,5.874050293926020849e-01,-2.926180249672561406e-01
-2.060155471631573976e-01,5.049471138184006280e-01,3.365183097628910436e-01
3.092281135513141876e-01,6.509279532802852986e-02,-5.324735088835546026e-01
3.898849631928411608e-01,7.668032817544755408e-01,1.032515906041339360e+00
5.592131016656171072e-01,3.357226715217836999e-01,-1.171177120056715593e-01
1.161651469533938386e+00,4.168837140494736082e-01,4.295678312680121236e-01
6.116175773175036579e-02,1.333421500014386751e-01,2.258552950930623748e-01
3.776725797671567353e-01,8.851289464477910540e-01,5.764254121103359885e-02
1.095883470274671811e+00,6.474055218345264873e-02,1.121472735407125443e+00
9.679755187229481805e-01,2.490405173189126076e-01,1.598802374185950836e-01
1.190852579202664518e+00,5.612568273331012270e-01,1.068082009274236688e+00
4.305012828434792160e-01,9.595616582810436723e-01,-5.836548800420560124e-02
1.971612708894563970e-01,2.466735670382366741e-01,3.280393723495866332e-01
3.810986477059580269e-02,1.080357499079868666e-01,-2.567399388361819024e-01
1.040002528934564907e-01,7.840164966953939718e-01,1.407429133950180988e-01
3.496633546987143459e-02,2.840713074871921151e-01,2.882593858905085904e-02
5.737990873373756129e-01,7.367062856266831661e-02,7.415472037069430478e-01
5.405828105393206684e-01,4.192142373048410309e-01,1.152886115937691969e+00
5.688183045059858056e-01,4.445856495920130769e-01,-3.846330503058768557e-01
7.492910950214948240e-02,7.703463826852438023e-01,5.288012435572178038e-01
3.637952757604404619e-01,6.201612029866593323e-01,-1.270016675246533611e-01
5.210788860794645094e-01,7.533388290143903099e-01,7.348587964192385691e-01
-3.333000044335316936e-01,5.443675527085805044e-01,-3.646282533017361493e-01
4.757139051451328982e-01,4.782893003444698699e-01,5.620581565098403676e-01
8.225556483544440578e-01,7.319440726085125748e-01,1.134366511016356993e+00
5.527418698248168782e-01,2.657936029936286970e-01,1.386784100316530433e+00
5.160329663785898635e-01,1.865398900855593789e-01,2.700627038022485049e-01
7.813896020148910493e-01,-2.184180227900076599e-01,1.296011483098969297e+00
6.472769052027096404e-01,5.160003814442685188e-01,8.068723716638799281e-01
5.324882869125349139e-01,9.091878351349923504e-01,1.136370434030133270e+00
1.278513425443676965e-01,3.087535087068640771e-01,-1.741662459392168127e-03
1.102502189203939498e+00,2.125071402776404772e-01,1.922581206571257195e-01
1.184562117767304024e+00,5.846783106176369760e-01,7.476572947670035996e-01
8.322469637736289449e-01,2.567101082046061578e-01,1.781977523924071494e-01
-1.767516354086879904e-01,8.332990014628701703e-01,1.388899942071639138e-01
1.038688420830083947e-01,3.442263253142359702e-01,1.981440069736430665e-01
2.200035525571503725e-01,9.570315293393547584e-01,5.017877868409297282e-01
8.109976030597079166e-01,8.949911935564408560e-02,-3.719800014722068893e-02
3.576112978997626479e-01,-3.627474539361285055e-01,-5.345116207799505137e-01
5.470631335220401681e-01,3.019283942137821475e-01,2.341142845368670011e-01
5.812719584264591788e-01,-1.933163510262028151e-01,-7.967741097267804218e-01
6.665519240086830166e-01,1.124233527346985895e+00,9.989477571277358692e-01
9.268743759146738093e-01,6.165603082438280147e-01,1.163489978706876204e+00
8.005838706614680778e-01,-3.626856537983613737e-02,-4.703241692629776538e-01
3.962741632421009630e-01,1.329843514086180845e-01,8.392214847739913886e-01
-1.822768394937819281e-01,3.728685318504958435e-01,-2.599105503521380034e-01
6.909571238985843245e-01,4.899754044289572064e-01,1.245188110822077032e+00
5.931928338369818476e-02,6.265418066708050571e-01,9.011795986584207885e-01
3.973902968026176152e-01,6.794074427570682140e-01,6.007332488885382960e-01
9.644436840156340729e-01,-3.904063872146013026e-02,1.012349783146579307e+00
-2.448428241906607239e-01,7.499092173012459339e-01,-1.001187969229990760e-01
3.081185350281732127e-01,5.958336644891230049e-01,2.463709085489926287e-01
8.020916887609623736e-01,1.009306940621569892e-01,1.103593155134757753e+00
9.019598516217131046e-01,3.417118705658353517e-01,9.899946361811184925e-01
1.591366788777164865e-01,8.534251293698716934e-01,2.768092291534335336e-02
-1.260756502935024281e-01,7.990636731088250899e-01,3.198575077509220876e-01
3.473530190269292772e-01,6.520119897224985195e-01,4.809347519762983691e-01
5.416062622439160590e-02,1.038783947648409089e+00,-5.059633862375536584e-01
1.066807294490335067e+00,-7.886105392199183051e-02,4.892941458311815817e-01
7.847128415701549731e-01,-2.291539731116269962e-01,1.436011396161410714e-01
4.932284537909759070e-01,4.241312358603280819e-01,4.035177954693406344e-01
7.751934070411680144e-01,-8.152952204544572368e-02,5.695820500573923750e-01
6.817829618827767613e-01,-8.886898090595274358e-02,1.612481088009420915e-01
2.326636841158885027e-01,1.030215400668959447e+00,-3.191671329283674030e-02
6.359738151154639141e-01,4.217047951907111347e-01,1.139898513489908227e+00
6.639397063442251667e-01,5.871767051375480495e-01,-9.597178007869189287e-03
1.015303549711723319e+00,-1.336971839444247578e-01,4.470645135373433332e-01
5.397430065897792506e-01,3.086613670079542682e-01,9.217005880722961564e-01
4.965936708992528814e-01,1.203650685653046004e+00,5.831026468245981143e-01
-5.097747748163750092e-01,7.066033395793314131e-01,-1.317358339787489396e-01
7.664142430060838507e-02,3.525882855180512143e-01,5.445879240713675795e-01
1.151853162698420530e+00,3.851750580332165552e-01,8.424289920800571707e-01
4.984064892583318640e-01,7.438471641703101600e-01,1.269802146916066410e-01
1.052541544768925252e+00,6.870428229116765095e-02,6.844406758530917623e-01
8.811513325276683073e-01,4.000173431402314628e-01,1.213637672516915123e+00
1.233850458883287260e+00,3.600590391468472817e-01,8.368829878337638029e-01
1.799189916175328863e-01,-3.410832421440750384e-01,-5.993397884517781549e-01
1.390178923795028498e-01,2.572204331944975553e-01,-3.678632643881346587e-02
6.221524402056646252e-01,2.767641716393893780e-01,-7.738670459711520788e-01
8.006133400009688428e-01,5.594689953342032451e-01,-1.709467319540564079e-02
3.419216285002885103e-02,9.441829460623306636e-01,-5.051127229922269812e-01
6.546840885191529402e-01,4.484757596977765881e-01,1.375537708796678860e-01
3.716087062806847641e-01,-2.535492957327636354e-01,-4.889230922901819931e-01
8.724683231664346339e-01,3.667871810313714231e-01,5.929700344273294288e-01
1.470983455813374530e+00,8.763841432812813359e-02,5.042821602812243009e-01
1.302574055574651779e-01,3.022210381844229188e-01,6.766627345300735286e-01
3.000787475107111191e-01,3.999135036681471522e-01,-4.610622640031816766e-01
2.119704870377582262e-01,8.877449656359861496e-01,-2.806422446255168457e-01
3.356346897330366175e-01,5.033088751834239316e-01,3.138750994885827761e-01
3.345546198283585460e-01,7.330012908366124735e-01,-6.839885083855969938e-01
9.200949093391201927e-01,9.818339996461918906e-01,1.052872163882134560e+00
5.240705568869707953e-01,8.486443363732869560e-01,8.236831102109296587e-01
1.574419993928832806e-02,1.031905284473547013e+00,-3.255222718700921392e-01
-2.975687874530402732e-01,3.204973113360675141e-01,-3.129961205130283308e-01
-5.707393295039364656e-02,4.866826355742230326e-01,2.260293722950137973e-01
1.042247079098431506e+00,-1.529174807971547256e-01,8.604680515355107584e-01
-2.427882246997237203e-01,6.365510381992875999e-01,1.495507457373618232e-02
7.689131653364378316e-03,6.148565249980902925e-02,3.789695147276245235e-02
-3.340877608934915699e-01,9.180011707702105950e-01,-4.333610812226310061e-01
1.683090064886657022e-01,5.438513636915689453e-01,-1.199569380969608412e-01
7.032374482657621773e-01,7.632998384956205529e-01,-4.036662469571389300e-02
7.621166495141106223e-01,1.354903249372515495e-01,7.625294923818024539e-01
6.381682579264236210e-01,4.809079155309731179e-02,1.102318505315313724e+00
-7.449395155208027308e-02,3.945137689065517650e-01,4.213306285715104904e-01
6.210938951088728066e-01,6.640663702775527755e-01,1.002176067847225349e+00
6.412602124325652575e-01,-3.218663833293657905e-01,3.925024223953932356e-02
2.522190326130875904e-01,8.202409474208443019e-01,1.250576298217642712e+00
6.004993484632367151e-01,-2.193787647699585452e-02,5.512881454659502856e-01
5.311079155028662901e-01,3.933012829365196139e-01,1.186066850304124065e+00
2.172105373834037900e-02,7.702691571670579052e-01,-1.648974015289220163e-01
8.001708504987141701e-01,-4.625502560651689743e-02,-2.609793494176367301e-01
-9.840386964959724203e-02,5.224580136440674094e-01,-4.400504356154729124e-01
6.324803900559045067e-01,8.439601385224069219e-01,2.793942475557303351e-01
-7.467714834550320813e-02,-7.927979986857974781e-02,-2.040592757225912490e-01
2.562553203740951524e-01,8.188096527516182110e-01,-6.044099080061928753e-01
-7.378184458343295393e-02,6.144985793845421096e-01,2.075550265264722305e-01
7.101473601148899917e-02,8.101902651554679924e-01,-4.665068350284808374e-01
4.439030018558981494e-01,2.508257653296949163e-01,1.625571265910841223e-01
-1.442487384590875887e-01,7.580708870731875937e-01,-9.795878673713936946e-02
7.566124808379346423e-01,-1.034689803280424147e-01,-4.076739885210480252e-01
6.193469590771529809e-01,2.876005310570192153e-01,-1.623777971904065143e-01
6.378069078903869649e-01,5.996296235451825662e-02,1.067471599845293939e+00
5.528935469439417716e-01,7.470020863939085265e-01,-3.529042478643418246e-02
7.677872010137218872e-01,4.036249315630551227e-01,1.123891484039900857e-01
1.549128742386916557e-01,9.236864583531511075e-01,-3.646716867277916552e-01
-1.510730069508453566e-01,8.706160373502724870e-01,-3.385097741690442086e-01
9.522221042174761063e-03,7.433177775284233180e-01,7.890032674799578594e-01
3.417594944761243037e-01,1.004997710004992495e+00,-2.860212130312233536e-01
2.771029656774839922e-01,5.461946754251637559e-01,-4.365873023368674333e-01
2.825078357245017768e-01,3.396818582975440481e-01,1.101709438771942273e-01
8.256861340156212981e-01,6.774058293849013479e-01,1.156306319149828399e+00
5.205984020938081436e-01,7.315943406438925045e-01,1.289538642001685220e+00
-1.015035492376666904e-01,4.066246546436479981e-01,-4.418940371562299352e-01
1.196047082836012798e+00,5.422882298073684604e-01,6.481849605300163963e-01
-2.198192739158821851e-01,7.537070253028106404e-01,-6.018532336337523159e-02
4.349688043881348443e-01,1.049138119934570401e+00,1.608819883547087382e-01
-1.368838156000778961e-01,6.178110482214367316e-01,-2.795296174908656339e-01
5.139822010325106882e-02,9.464548458183026369e-01,5.399421864967656193e-01
7.728767955133066803e-01,2.726357155151182265e-02,-7.120561772778901677e-01
-3.709575100493155420e-01,6.667329674266482264e-01,2.569321731009827081e-02
6.723920934762810386e-01,3.503276549191338685e-01,7.947821719454448708e-01
4.765914105994871752e-01,1.521885407762085252e-01,2.704032186529324866e-01
-1.897740406805537017e-02,2.215190525829986434e-01,-4.120898327458424881e-01
6.337066719004845750e-01,4.260366828709032938e-01,-3.795749077608813749e-01
8.559299396022028716e-01,-3.007674680572216541e-01,7.035795403233413570e-01
5.677365313072483266e-01,1.867182975690541979e-01,1.375357512187630471e-01
-7.402772403253343736e-02,6.051672662796862001e-01,6.844381273285421452e-02
1.079118453597094129e+00,1.148527121812746299e-01,1.076123262260312297e+00
3.444185575123450138e-01,-3.856469332059792032e-02,-7.392947288817830476e-02
4.068956966208012727e-01,-1.921711920579466382e-01,-3.147482679576882325e-01
-1.467904919121575391e-01,6.631764183922315148e-01,2.900122721002493797e-01
1.002380970624944911e+00,3.383831998394759011e-01,6.551166808336246206e-01
5.356939317313056392e-01,3.314763916688826528e-01,1.206088707037442420e+00
2.388864059884195368e-01,5.886903433721066836e-01,2.414274465125245961e-01
8.470710194313482155e-01,1.950790229930157160e-01,4.318814689910738247e-01
2.401167311918454006e-01,5.598412239703454141e-01,-1.654682003662841239e-01
6.897010787306864232e-01,9.253270965014065430e-01,2.247513543195640839e-01
5.862947192480713055e-01,-4.527081822454098736e-02,-2.308418517928497171e-01
8.430308819723497660e-01,-2.235010059625252010e-01,8.753755434187953099e-01
3.675145992781661541e-01,3.049454427117906929e-01,-1.519906171874012557e-01
5.084191076403694609e-01,1.163535831930873066e+00,3.588278051123537926e-01
5.031070249739788558e-02,9.015507879392854473e-01,3.053861442836081075e-02
3.519456635943513656e-01,7.584908923479798393e-01,7.409187297697508168e-01
3.240130264346526845e-01,3.313000690312440377e-01,-7.005139147377927866e-01
1.474545494945390001e+00,1.276829221806251580e-01,6.567491418667440461e-01
1.265252100891946174e+00,1.954009660140934301e-01,8.576758519564100514e-01
4.884712707794556241e-01,7.586308607576790486e-01,-2.535739551214616916e-01
7.318510132375086741e-01,6.506676661673022055e-02,-7.379129227063370156e-01
5.419681489506918970e-01,2.140130777906419646e-01,6.143804490739250834e-01
4.942111815402053798e-01,-5.240959559499380749e-02,9.278809221083645919e-01
3.901370793124274705e-01,6.446702221903584107e-01,-2.634948096523377914e-01
8.334908875307236453e-01,6.290038962313222459e-01,1.063751767729037567e+00
9.552591670562203818e-01,-3.424295142276666537e-01,1.169050780130261868e+00
1.886607816381858371e-01,4.389583510348815665e-02,2.925626441677207645e-01
3.714222568915064859e-01,7.803878355777713605e-01,4.818079433223546038e-01
5.986465228824001672e-01,6.858462239198729327e-01,2.392013261229731791e-01
4.626278837670492194e-01,-1.672943964543538442e-01,-4.160284440178436127e-01
2.756595098085598550e-01,9.111787686401059405e-01,-3.729250129788451162e-01
1.012547122404473532e+00,4.591412808482930319e-01,1.014766818651624769e+00
7.429315572315330352e-01,4.484900648349115504e-01,-4.470533632715367744e-02
5.884135888086822197e-02,5.031714715495672063e-01,-3.098580055526263810e-01
9.941451512359655851e-02,5.551663129272288444e-01,3.494654999796233397e-01
9.976859554517309991e-01,-9.978679885202934585e-02,3.171476640903134192e-01
8.344125412291509836e-01,2.939841782950943783e-01,9.419360249294246312e-01
1.010145294904861935e+00,8.887516582803853815e-01,9.927892819731440888e-01
1.127245469222515784e+00,2.563203055407191067e-01,7.323100862959719404e-01
3.971997494482346069e-01,-1.073824202447009046e-01,-4.554487603414197894e-02
4.409291105713596393e-01,7.376957923984874821e-01,-4.815863748275925338e-01
-2.457260431554192381e-01,4.640082315808227165e-01,7.647497468352873473e-02
8.542679718168517677e-01,-1.630459133297095242e-01,6.879117994285999238e-02
4.651847103474875400e-01,1.049173494959855457e+00,4.458699989166362565e-01
3.678465699986880333e-01,8.238653621944279637e-01,6.342354330257953254e-01
7.766214327593374822e-01,5.716686633962542174e-02,3.272678712713821270e-01
2.903648648342210814e-01,-5.785237020877803671e-02,-3.948700168483165740e-02
5.175597208737634514e-01,7.998495758712961257e-01,1.053222272357224876e-01
5.524722700996080871e-01,5.381332208602820355e-01,-4.509527164486321626e-01
3.109985482951806435e-01,4.058444222468786111e-01,5.304568985410296200e-01
7.058069197343479484e-01,8.529885620934494206e-01,9.247744024047115374e-01
-1.174747311914301484e-01,3.932525708748720317e-01,-5.163689683324279578e-02
4.894833211927516192e-01,7.504209717773390187e-01,1.318411867331182652e+00
3.567946156343065334e-01,2.148820787972318402e-01,2.354728739007820315e-01
6.994603642618327788e-01,3.618752788232741935e-01,7.481166423074461225e-01
6.283410235484681028e-01,9.216562053384844688e-01,5.899274961180009380e-02
2.689728394819379531e-02,3.169261497145072770e-01,5.454702037112448831e-01
1.202165225084103062e-01,4.764427167016075382e-01,4.770831584286561733e-01
1.416598615695159324e-01,7.382780618064628264e-01,1.111783010824202389e+00
8.176644974154079204e-01,8.280961403244118113e-01,5.950569840172696967e-01
-2.427614234621600087e-02,-6.664492598709725879e-02,-3.973499161102160282e-01
8.153936987672627534e-01,3.244328961074354201e-01,-4.516929696867194033e-01
-2.624823984125143062e-01,4.371157294518188685e-01,-2.550822303846085881e-01
1.070196810252982189e+00,1.820513661693004825e-01,7.905869063757888782e-01
1.179263658761835476e+00,1.927039207301001200e-02,9.223172412904205864e-01
2.175103415319033506e-01,4.618192526921117702e-01,6.496548604460024023e-01
6.754873236584556517e-01,9.819762051862405139e-01,4.156863132574049047e-01
2.127651590605760812e-01,6.285541425370505531e-01,7.888443723438682831e-01
1.128027992663078738e+00,5.386824477358592711e-02,5.578272933549071055e-01
1.253606889909841815e-01,1.529539032966628631e-01,2.287775794598145285e-01
9.076243118865598980e-01,1.817088777896118390e-01,4.671034610928822550e-01
7.091982690987612692e-01,1.838847372167189687e-01,5.345492772728496211e-01
8.135319467038076846e-01,2.463610645061054816e-01,6.874091719857937655e-01
2.146892067523701320e-01,2.149961464275478018e-01,7.327417709901834497e-01
9.783380813805894194e-01,3.731151748985419014e-01,5.862669934287687568e-01
-3.506799843922954185e-01,6.168906936266536079e-01,4.321193296090825031e-02
7.615722862599705323e-01,3.196460347082332731e-01,4.704663998334558395e-01
4.761248252272291537e-01,6.017066901511165522e-01,-4.848959632494073690e-01
4.188290554364388907e-01,1.062124422730750251e+00,-1.323182746079487049e-01
7.949031888393095491e-01,6.987321672742954348e-01,3.672810633915367107e-01
6.372434858636522037e-01,-6.920846300817246055e-02,6.959770866626264763e-01
3.000526296928536230e-01,1.075749720982851709e+00,9.367061719143870979e-02
1.125169571996510243e+00,2.715019500835961219e-01,1.016605418244106440e+00
3.508698177925708150e-01,-3.819842669235041788e-01,-3.451435370030184191e-01
3.145693588913812677e-01,4.221184560327180813e-01,9.460861989902376035e-01
4.567442073151254944e-01,2.262324687616289742e-01,6.034895555462894690e-01
1.031081802599414843e+00,1.013148725719221765e-01,7.113620682405885631e-01
9.562631650190107635e-01,-2.895245060130643422e-01,9.652816265847687927e-01
4.146898837385865066e-01,2.733765294524098666e-01,-4.753500902049901389e-01
4.610632156860516306e-01,6.691898175723143272e-01,-1.113007085951586705e-01
-4.155314498947759727e-01,6.751712104418731153e-01,-2.961425849016175449e-01
9.767179717141932782e-02,7.313159888534561670e-01,-3.293760033412372334e-01
1.137231041348210070e+00,5.532351015512065873e-02,6.171527148397237816e-01
7.159484175743565659e-01,4.723175328491045488e-01,-3.032110395589144303e-01
1.107714832929471704e+00,-5.690888458151660556e-02,7.257667648737571309e-01
1.788465774806268227e-01,8.718511442474723427e-01,1.184271338894563597e+00
4.755750428305703936e-01,9.320168242671139636e-01,3.618423070466656455e-01
-2.330863418749262728e-01,7.416364112524618246e-01,-4.400575104550281114e-01
8.728961040703843155e-01,5.015811510015776298e-01,1.084082728109273530e+00
7.044917964947388089e-01,-2.361195770993034238e-01,-2.403803983435073843e-01
6.000560006205093444e-01,2.944850654276308100e-01,1.279483448567470261e-01
1.027143765306967715e+00,1.039607454816883769e-01,8.939515692214827780e-01
4.129426057757007440e-01,6.268527680427670168e-01,-7.858956187161719731e-02
-1.417222567779408138e-01,7.905148479696101349e-01,7.582534416729906912e-01
4.662464144296422086e-01,8.681725679346025126e-01,5.896099482001028180e-01
2.873414520235357816e-01,3.787305981908605235e-01,8.578132776079279154e-01
1.075162320987131936e+00,8.194818738170306371e-01,9.896549917252772666e-01
3.108457086699808469e-01,1.247187298368990227e+00,-1.003613378128584421e-01
5.670236461368250991e-01,8.613824326049079882e-01,7.592767600252359195e-01
1.179144526588905784e+00,3.152485084842256979e-01,7.362506530804580063e-01
9.155915090043593718e-01,2.012698449404776158e-01,1.050629279957005391e+00
7.545265290074323339e-01,5.347085455438124191e-01,8.963499678077995192e-01
2.775293562211916809e-01,4.760100888321620038e-01,1.156070474354760291e+00
1.079272822017452338e+00,-3.086879012182199844e-01,1.107740884273285209e+00
8.905216260480477430e-01,7.891821004363644976e-01,4.606447229024177581e-01
7.854105720412012381e-01,4.728149173402690364e-02,6.423896131809828658e-01
1.090588329237179188e+00,1.068704123232049330e-01,-1.543647248651343062e-01
1.089894521467265731e+00,3.963985045116716899e-01,2.502104653679093627e-01
4.158141286829132310e-01,8.028654990790483614e-01,-4.502785386390590339e-01
-6.522296589699938529e-03,2.977394916512577927e-01,-1.992332189934999387e-01
1.384265276372408371e-01,2.639670511383386264e-01,3.559995078259022838e-01
-4.534904724612109916e-02,3.107893668950001964e-01,-5.127629147505263774e-01
1.345357559197100095e+00,2.945458783216919896e-02,5.244582644690384265e-01
1.282494098881542088e+00,-4.187889888666285199e-02,1.044067551972273078e+00
5.882352822905562162e-01,-2.654291847623079237e-01,-4.237484950408920148e-01
7.272851461784847205e-01,8.723593707203247671e-01,6.887351483729052815e-01
-1.228934126192909870e-01,2.918594998194961598e-01,2.310208783191780579e-02
8.889254264255210813e-01,6.291056362109321842e-01,3.118649346059491623e-01
1.275890524347313981e-01,1.785099815564696324e-01,-1.782720568792756644e-01
6.065396810623197021e-01,-6.634796219960920061e-02,1.123290905661080030e+00
7.682389097895343522e-01,9.381354518284690247e-02,8.462491115924841711e-01
6.996073153264550371e-01,7.174996669219741996e-01,9.472989102146751605e-01
4.942114570567522902e-01,3.279524481366983268e-01,7.568480189017738891e-01
6.081010647396326574e-01,9.836498842956423738e-01,9.266133873161721546e-01
7.486528773119456304e-01,3.865869218740720092e-01,3.756671234109991708e-01
1.092755554855864286e+00,5.854528770509894731e-01,9.534033398132275572e-01
6.644907547622188604e-01,7.209327205728959242e-01,1.138513366445912389e+00
7.548086393612136735e-01,5.526376690701817473e-02,1.170254556651840305e+00
2.789443449768562178e-01,8.195643315635522397e-01,-4.292939328746215311e-01
6.975845912931724069e-01,1.096900982294439109e+00,1.178004829287381927e+00
3.690596916421693408e-01,2.771145453321642860e-01,6.909065854738802859e-01
1.002222845193171175e+00,-7.369706812587972777e-03,3.032049280611396891e-01
5.111910773085484028e-01,-3.022242794551673883e-01,-2.187649490647269324e-01
9.284324264680884342e-01,1.172205868983832389e+00,1.081085086455956468e+00
8.894917883361634914e-01,7.865625898752610645e-01,4.657580629391960825e-01
7.842841770845219163e-01,-1.052814286637336894e-01,-1.301740857358051340e-01
2.359027046849441756e-01,-1.512756666807982819e-01,2.448385933568669737e-01
9.579026890183222065e-01,8.346255623573450855e-01,5.482611736095880373e-01
8.135571036968805014e-01,4.872051405168352778e-01,1.976681859457111445e-01
3.682096689406808565e-01,6.326861161755302776e-01,9.494579810980880996e-01
5.495564303726440114e-01,4.335295996867034596e-01,3.841639705538337779e-01
7.450613462135504683e-01,6.116342886025480929e-01,3.646779518183976276e-01
-2.246807182930330438e-01,3.827920702001693654e-01,-4.495034539536755802e-01
4.716548575935843313e-01,2.348565883752995187e-01,3.823671569150374205e-01
9.581978634177032994e-01,-5.230176435969347004e-03,3.932009471969705183e-01
6.769241067192417471e-01,1.599320354404403233e-01,-6.941778293036691139e-01
2.378753538595463901e-01,2.499350452691580238e-01,3.371368450744266498e-01
1.093141767258845931e+00,4.271457778971514130e-01,7.978546047916175166e-01
1.167649431884647981e+00,2.302503554671861408e-01,2.171340147890374883e-01
7.795538449140542170e-01,9.010816837280735125e-01,8.603396563470973035e-01
9.262108004012883367e-01,1.204263456053237258e+00,1.045112637918689469e+00
2.698108955401559705e-01,7.025133609195224338e-01,-1.539844020200862307e-01
2.382699892595091518e-02,7.204235389312553250e-01,9.433604403717974485e-01
2.295033881369553108e-01,-1.255567070777682259e-01,1.557672248146815819e-01
1.776658960015791155e-01,5.175516843363916486e-01,1.101422199975270244e+00
5.857276053455532372e-01,5.755014404207267065e-01,2.467093458254634442e-01
5.555305543747356412e-01,1.043026723474667961e+00,1.022666622966017513e-01
1.048674932082950484e+00,9.223172381230375638e-01,8.106882698307706914e-01
4.130183437739537444e-01,-3.110023605064949903e-01,-2.745707543864704392e-01
3.042003817222342366e-01,1.040636782215159650e+00,8.590245921410468721e-01
1.252945995276710800e-02,1.709626598391482399e-01,2.047785621737016337e-01
2.075871078065317232e-01,-4.774237629926360027e-01,-4.148238760487759635e-01
6.192753710304201853e-01,4.360428317316029645e-01,-4.013449091142077818e-01
1.099557266227314534e-01,5.841554655241463223e-01,1.323989747334368972e-01
8.661662871999002977e-01,7.527840809603363326e-01,4.499152022198148471e-01
1.033155401341390167e+00,8.143574155998117847e-01,9.295064679182223344e-01
8.186692005937652450e-01,7.282019800713246394e-03,-1.860386370132166567e-01
1.114180604369600758e+00,-7.259836953255965897e-02,6.022588585825611185e-02
7.284654044005167695e-01,4.802352570959500522e-02,-5.924342751016942188e-01
3.425228609578049310e-01,-3.596538697024870279e-01,-6.036208207882942656e-01
-2.189422631628180627e-01,6.997489657571369648e-01,1.231375937919898522e-02
4.678991770037400633e-01,2.192752875980551186e-01,-7.154369197978858175e-01
1.731754206348348757e-01,8.203873218710057147e-01,1.286376788409995475e+00
6.832233187357374948e-01,3.933099026631715622e-01,-3.060060604058729150e-01
9.924832760003068355e-01,-2.186111351256769808e-02,9.788107827810812456e-01
4.782896458091320802e-01,9.745028133384769919e-01,4.437615881321300693e-01
2.463707401454532375e-01,4.524800742140022702e-01,4.097809033659320921e-01
7.164352424611463155e-01,1.062408874407259507e+00,8.190301600207321453e-01
9.166152167208719836e-01,-4.060037566878804682e-02,-2.857369401291334765e-01
7.931213033251188760e-02,5.970323787438326368e-01,2.351148840656090977e-01
3.308924072732879473e-01,5.087454753143765274e-01,1.173897351978994807e+00
-3.302819003424534161e-01,8.732727695958546477e-01,-4.269956845094677322e-01
1.658195853308270795e-01,-1.117637952698375958e-01,1.273415642187293861e-01
7.240207856482165916e-01,5.644219385443116632e-02,1.086715065874858999e+00
1.058957608937372452e+00,4.573580702108668294e-01,7.132331383375354328e-01
1.045964718382037528e+00,4.794399783496794964e-01,6.304182081378455482e-01
2.190134745226489099e-01,2.037352268015074908e-01,-2.729591449395885605e-01
7.417126497710901933e-01,-1.666700902485935831e-01,3.939980434628580497e-01
5.713683370870927813e-01,6.620830210193100474e-01,1.046848012017880247e-01
5.785669129358671503e-01,8.970010198830022929e-01,1.037200817193664415e+00
2.042194107546281834e-01,7.770468791558180488e-01,7.022453530962783352e-01
4.040388800987630979e-01,4.028232171769980940e-01,1.077985148321716657e+00
-4.912059482434782964e-03,9.173695785878782649e-01,-7.143784287700616353e-02
6.340772693267173743e-01,3.875375671343545547e-01,9.563387707399770843e-01
5.470064706885626737e-01,7.392764179509458966e-01,1.262086223377173910e+00
5.063543235452544478e-01,7.248989826823204474e-01,-1.993481789396470139e-01
1.553788825919588112e-01,2.124058274064504204e-01,5.199492722703468184e-01
-5.098506090903409671e-02,7.949748997739056744e-01,1.002330806284611242e+00
6.458842485447444659e-01,9.461945561557997264e-01,8.157706256800081324e-01
9.118104710965837523e-01,-2.496107164049005123e-01,1.055244839159550363e+00
7.733438187235219807e-01,3.330083202120267538e-01,-3.472402579251579469e-01
6.033430521040513694e-01,6.252291525119630933e-01,-2.328756985460947448e-01
2.789623237988764215e-01,8.718750985617529370e-02,2.230875311617336876e-01
6.799472969176360015e-01,4.900010299744993469e-01,2.749046440628959975e-01
5.771939272614440286e-01,6.953008813395391563e-01,-1.195716565877883997e-01
1.069485439706450380e+00,1.372839355086117874e-01,5.614243644318830939e-02
1.359160817456561698e-02,7.336735946619000748e-01,9.387884453686798913e-01
1.117448411056749524e+00,5.971399680959565970e-02,6.120256159126100659e-01
1.062987513175823739e-01,2.890602987965754100e-01,-5.734512934251481120e-01
4.880422446678963633e-01,1.070775860219523867e+00,1.173686480189312098e+00
-1.123761254986589408e-01,2.250706041891398224e-02,-1.226524776820669405e-01
3.435422086014728871e-01,1.503617591637824991e-01,5.469154907589960368e-01
6.179945440794690770e-01,3.835424192028445978e-01,7.974803579696745359e-01
2.118410817934387458e-01,4.727037073344192430e-01,2.362735077808805206e-01
-3.790099856643791565e-02,1.041054013227772135e+00,-5.791327493354496703e-01
4.854225965119557396e-01,4.837317872951608644e-01,1.495558486514984020e-01
5.951093763333640263e-01,-2.885041222694733065e-01,4.249919258112583309e-02
7.257473712684125999e-01,6.933462413193369756e-01,1.661372914171951598e-01
8.112638060818094798e-02,1.796510836115763621e-01,-3.344424448727034149e-01
6.887000335130119000e-01,1.144018660814455357e-02,-6.749578531188009656e-01
1.365796957079767671e+00,8.098738916832420864e-02,8.051584029433298539e-01
1.621753439580091438e-01,6.515779915655213195e-01,3.942451958877253304e-01
6.395015950626221635e-01,-4.818642998942707090e-02,-7.596904230271983582e-02
1.052505724453252967e+00,9.636496042314647292e-01,9.864023993630648413e-01
9.286286307891594705e-01,7.336993583242190642e-01,9.680873987123101987e-01
8.993375772706574400e-02,3.051233029799221286e-01,-1.885016296981500972e-02
1.072716163529555899e+00,7.263369249475172262e-01,7.627551364734912465e-01
6.427358862186061117e-01,9.676564136972601871e-01,7.659469641417900876e-01
1.045508718846486773e-01,-3.280099902352289210e-01,-2.959528918865118041e-01
3.069337066401923719e-01,3.275654336798807242e-01,1.024105219897879060e+00
5.697544556864936327e-02,6.816358051202570101e-01,8.961925381649358258e-01
1.172337915027782618e+00,2.383370320389317787e-01,7.922317257304550830e-01
3.011063897072386863e-01,9.218108813271830293e-02,4.531208696018653725e-01
6.853600010201914561e-01,9.965334633074935944e-01,5.173867373445644180e-01
5.023144960637251355e-01,-2.452694947205519282e-02,5.723357201976104758e-01
8.532681208722492361e-01,6.557540732296953667e-01,9.847771825249616029e-01
2.877394304301000849e-01,6.608730540571929879e-01,1.048338530721975026e+00
-3.536521830705285918e-02,6.715660090963360140e-02,-2.534137292172954914e-01
4.078814738263510931e-01,4.889451750372560412e-01,1.439496026251586791e+00
5.825583135207226260e-01,-1.684143880418715877e-01,5.036680947650417073e-01
9.279955964189841033e-01,7.696681090386624513e-01,1.117456349902062218e+00
3.699546862763801736e-01,1.851707430945140620e-01,7.073508027808426135e-01
7.123298770101185173e-01,-3.193792898925473800e-01,9.069372091981768857e-01
3.488241710825098485e-01,3.007106513616107923e-01,1.097245866598813402e+00
4.577322811246298251e-02,1.191611958477755695e-01,-5.473258966185270413e-01
4.095478947273023529e-01,1.829722723356339564e-01,-4.561897062098250744e-01
1.025484239680674037e+00,-1.018950762316157554e-01,-1.805096295317099031e-02
6.132386459516250277e-01,7.004809643026236321e-01,1.173102412273690609e+00
5.166876440289814854e-01,1.093654113779410686e+00,9.904647798668393399e-01
-1.761659346213586552e-01,8.003093748657332807e-01,6.821913981690681528e-01
9.727486312602223739e-02,-4.812380676943492919e-01,-4.756935763307170162e-01
1.986704840166647612e-01,-1.128100801067939418e-01,-3.286754780675338328e-02
-1.386446589660360607e-01,5.290649224001923168e-01,3.870510773552532369e-02
1.573290599239879906e-01,5.791332621184775986e-01,-5.520083586900945694e-01
-3.744888331726661246e-01,7.542789392039226382e-01,-2.605475831014463783e-01
7.015126895837386911e-01,6.875744167121289330e-01,1.213693629906504201e+00
3.116835012605828625e-01,4.366567474984142661e-01,5.949694408671536427e-01
8.055360384102747684e-01,9.581756550179605370e-01,1.038091324349654343e+00
1.447588744695287311e-01,5.506093754133389861e-01,-4.671687832773540605e-01
1.593502999203039727e-01,7.781966160200786131e-01,3.855309580723765284e-01
1.168630082427761341e+00,1.883548864569869197e-01,1.066798819726244130e+00
6.750572669210632704e-01,1.187196248568333612e+00,7.620137824888901790e-01
3.449545743273504383e-01,8.098517633833777207e-01,-5.866087719296819714e-01
-1.385985559695542824e-01,7.797946622848110909e-01,-3.339961916896990179e-01
1.561567703867693613e+00,1.766953754817333910e-01,8.402410431323361628e-01
5.060237274782555250e-01,-2.753296480339137986e-01,4.176414552345742437e-01
2.148759172811785523e-01,9.579112277734658232e-01,1.301606293099406286e-01
3.651419967423149560e-01,-2.937556797458549251e-01,2.707551770090244059e-02
9.821481024997846809e-01,1.109581212378509152e+00,9.346984754791969330e-01
3.231694299274801008e-01,2.904005274427081673e-01,9.993711650559222726e-01
1.152821839669438408e-01,5.608767249565351776e-01,-7.676403029941492040e-02
5.499638199462615340e-01,6.117491593175831133e-01,3.864802941700063443e-01
-4.122769350646493525e-02,1.007979797418773638e+00,-3.798094534684391399e-01
2.146439451413119648e-01,1.079148380678884411e+00,1.361126370879617298e-02
7.528205076930858386e-01,1.208075021240551550e+00,7.950044070616055780e-01
7.917176226583721999e-03,9.095532004239063051e-01,3.613794129811948586e-01
1.092442885813457387e+00,2.902985364041643646e-02,1.013589197030306810e-02
-1.043711426161342271e-02,4.392116765259008737e-01,-4.870330832445068370e-01
4.834261252212826987e-01,-5.318374418210436438e-02,-4.781508455304100402e-01
8.582931849324867413e-01,-1.306660287195985370e-01,-2.649826502602062317e-01
4.762404584720899003e-01,3.650398826111938000e-01,7.615506984357059417e-02
3.657757199973539208e-01,2.171549857845708753e-01,-7.087572966199995328e-03
-1.216933759441169993e-01,7.959682100957893303e-02,-4.009361172197720147e-01
1.802326459060253905e-01,7.519482852087218117e-01,9.359707243337933580e-01
6.235867749972179297e-01,3.512976760228936346e-02,5.893843104292432189e-01
8.382280414461591445e-01,-2.172530936644876398e-01,1.707449737452934602e-01
7.019627284513323406e-01,6.542058689207952416e-02,-5.852622868552742608e-02
1.478495793633238797e+00,1.084017230163949463e-01,7.725589830223666965e-01
1.146025653465815863e-01,1.668326407357187402e-01,9.954230274856845639e-02
4.924376480444060955e-01,1.975774925868848397e-01,1.074416954902779553e+00
-1.391931439961411332e-01,5.648070184502717028e-01,3.100584428337700982e-01
6.506250609413819497e-01,1.666737883920281216e-01,-3.439513261018412593e-01
1.189728923632328295e+00,1.264645116540074055e-01,1.039018240292050921e+00
5.549997032773340555e-02,5.216707955554603648e-01,6.123750250550219487e-01
-1.596110289873249322e-01,6.590819536774973342e-01,3.256066092410453416e-02
8.234101457907745392e-01,7.041714371174512266e-01,7.290767243901894457e-01
5.884001647736673002e-01,8.148298933168058866e-01,5.540888265400320534e-02
5.644017926224836890e-02,-1.027091158631748824e-01,-2.021284012719043455e-02
4.749253139506788846e-01,8.111361055053643021e-01,3.565130243428826784e-01
1.273057371321394182e+00,3.640948012196401073e-01,8.192299613669395963e-01
7.359634282586866583e-01,1.200718506838276411e+00,1.070912424771091498e+00
4.377590066247800116e-01,7.258284631572541334e-01,-2.510866153636021059e-02
-4.658285436944686886e-02,7.240529716510956115e-01,8.272420689324888610e-01
7.283875471042563499e-01,1.716235707365242613e-01,7.978297242267571310e-01
1.284776117843359211e-01,5.269936596656438210e-01,5.483166787183355595e-01
5.748389891582175171e-01,2.111923995861827996e-01,-2.774138525271647171e-01
1.013779669812621798e+00,3.777951194733306650e-01,5.720791683871430111e-01
5.624613578159053384e-01,-1.494678651019224480e-01,1.307634830049789476e-01
1.029141734628486127e+00,7.109335509575057666e-01,9.672098241072166758e-01
5.888140753668018590e-01,6.677374168008526345e-01,2.250618685981081168e-01
-6.336814462523632230e-02,6.097853605085754580e-01,6.103640900577715911e-01
4.425616107094406670e-01,4.444195713424374805e-01,5.484709849362854328e-01
1.136511270902304416e+00,3.801800832599877000e-01,1.076578656630102993e+00
7.318406162142665483e-01,7.169658764806887685e-01,9.714474155612609074e-01
6.045223284176627354e-01,8.425966899703478674e-01,4.799630643936084184e-01
1.041053027118911789e+00,3.297853036236691460e-01,6.794108495372720435e-01
6.401367293906861100e-01,8.217940181874939798e-01,4.841127663223765420e-01
4.285418775897061328e-01,7.091262408516210147e-01,1.305544041442394887e+00
-5.269923000837306581e-01,7.348429664584745780e-01,-3.042065528018179088e-01
7.512581373289366482e-01,9.370231284528407478e-03,9.016173994582492579e-01
9.488221622483259399e-01,2.704565782174124244e-01,1.521763907043399977e-01
5.543007325455318046e-04,7.401154352928492886e-01,6.085467464204914467e-01
7.919340030671851993e-01,9.241873821812849332e-01,6.126899606558140476e-01
1.171505895320153479e-01,9.251316933418303190e-01,6.217837627356026520e-01
2.161900000135851818e-01,7.657423386662487452e-01,9.809229323315737936e-01
1.192476378359728972e+00,2.885320665731980205e-01,7.380334175975384881e-01
1.241695925186190874e-01,2.567715963646757804e-01,-4.653603715874003455e-01
5.682918289938188039e-01,-5.764335742932935602e-02,1.041817374945909647e+00
-1.739463565581219617e-01,9.456214894178608388e-01,-3.618061908862011955e-01
-2.523244404860575107e-01,3.238180184751139334e-01,-5.330173011667327376e-02
4.752130586401311918e-01,8.238506639432532364e-01,8.685238479119723465e-01
7.328598605884809603e-01,-1.170286736197417854e-02,-3.770012143616992550e-01
5.401017453691407955e-01,9.220585168188334402e-01,7.640700666784254746e-01
9.394801078200663014e-01,2.804239237452096356e-01,-1.486803127385986079e-01
1.017397647089793411e+00,-1.378324451490394731e-01,9.890983865246774642e-02
6.834671154373815893e-01,1.761559437831525243e-01,5.795192805845736927e-01
-1.046775468091091232e-01,7.099332051942567334e-01,5.133749225573888131e-01
2.428068598026633662e-03,9.676178965800307230e-01,7.123949174009161500e-02
7.072166636319053845e-01,1.962963793458756823e-01,-3.665716531352256058e-01
4.786810204098843058e-01,8.923202044254455734e-01,3.986329343567903694e-01
-3.372869451241320427e-01,6.107523079288709189e-01,8.713388221091020180e-02
-1.180084315183016486e-02,8.711893956781546766e-01,1.632861186126632891e-01
1.199018548307970722e+00,3.011734107231852642e-01,6.689555467245495990e-01
7.509361194853592103e-01,2.842694031673853039e-01,1.336368638060927427e-01
5.400539151017748063e-01,4.350897653336279758e-01,1.876011614764379054e-01
9.608088690496642270e-01,2.399492936527995723e-01,1.017163391892889734e+00
6.264487825555439260e-01,7.374909177983068886e-02,5.340069230493895702e-01
3.575993542176956197e-01,2.295687484524281952e-01,-6.086731678881746044e-02
1.949558745159717388e-01,1.677994003539585166e-01,4.486695729829627277e-01
7.377351270235495972e-01,1.225520448912984506e+00,8.522425152182961927e-01
1.953383672602058141e-01,9.335126515095842903e-02,-2.366109012451362292e-01
1.605267914194203338e-01,7.807808556590407623e-01,1.851729803310266931e-01
1.010280729436092262e+00,7.123654733329231048e-01,1.146877900676668061e+00
2.000204149896531169e-01,6.522176815569569186e-01,1.760355088496380893e-01
7.045989559089941290e-01,-4.869857260466625704e-02,-2.734922503413737549e-01
2.904678153153586462e-01,6.042283684106478647e-01,2.719442000796188919e-01
9.279151597739084822e-01,4.349983337683490658e-01,1.126258185842135662e+00
3.460452332410874354e-01,-5.257992670595784679e-02,-3.927375771234387636e-01
-3.297355045230886406e-01,8.562853426205154772e-01,-4.022226289016503364e-01
7.561395292930511713e-01,4.018291371944696100e-01,-9.215373723512249038e-02
3.086484450508071298e-01,2.120722206705766000e-01,3.379031929119269972e-01
1.121514622258803051e+00,5.567154436483490176e-01,8.227711228833167745e-01
9.929592022448239241e-01,-1.047230758068690148e-02,7.502013305095517337e-01
2.752894820354911953e-01,7.074382086165688088e-01,7.796685584004927616e-01
-2.399016196299639248e-01,4.148109997257303783e-01,-4.251308081234642100e-01
8.477262818470154837e-02,1.004460402701909949e+00,7.696147182815135657e-02
-2.485540401991371828e-01,8.095792897377565023e-01,1.968905006520145773e-01
3.749165081632429564e-01,8.515815299120181869e-01,5.439798957046351746e-02
-3.146088019879114128e-01,2.883007635411905523e-01,-3.081937286664211961e-01
2.434764165275323244e-01,9.785811416828783527e-01,-1.892976426495417974e-01
8.817562213573608698e-01,3.361971855720235491e-01,1.087290597615674370e+00
-1.081247199175231488e-01,8.200100690023519601e-01,6.677379258047952959e-01
4.814503977253517530e-01,4.917794485389515025e-02,6.952980635493224981e-02
1.039575241802906502e+00,4.390298863319042066e-03,5.347528079250810085e-02
7.216157667946090370e-01,4.595639191698609460e-01,5.163641259294490249e-01
4.171127405763626061e-01,8.578622433265232772e-01,-3.102030306580744745e-01
7.109012772257531365e-01,8.287956398054749929e-01,5.395603375773080357e-01
1.163403742556206932e+00,1.572402524205795682e-01,4.488073198759450211e-01
7.867641329013373985e-01,6.925744358140405454e-01,2.713363339404420427e-01
9.894453439986078402e-02,2.614904051360189552e-01,4.543788041148645318e-01
5.575135438215725880e-01,6.149641406389072529e-02,-4.202442781903805158e-01
6.201417191890742364e-01,1.128537782793885391e+00,4.151587651436526860e-01
6.920940853728535513e-01,3.270584799370693796e-01,1.936055125605084526e-01
-2.931818482871095810e-02,8.443335235022051410e-01,2.317512977884689240e-01
3.974791329305978338e-01,7.516272511868422601e-01,-2.277281343326603702e-02
-3.300295864646347610e-01,3.360185574707275080e-01,-2.638416572717900421e-01
2.825744602382052051e-03,3.690695052350381200e-01,5.146407471395445521e-01
9.281364118606205693e-02,4.080664926319083063e-02,-5.048708427040566882e-01
-2.919652381218030834e-01,7.110366678249708805e-01,-3.571708624436970014e-02
5.898815957145099320e-01,3.069526756183820759e-01,8.585584636975356343e-01
-1.599830053239466032e-01,6.662831685483856514e-01,3.796019154323495015e-01
3.812708094552071936e-01,3.779568541588958497e-01,-7.121020340750485733e-01
3.079732564897129099e-01,1.040934487041953016e+00,6.503237787215379040e-01
3.670699977121562596e-01,7.040502156651844423e-01,3.793429589777042588e-01
6.320352350047930834e-01,1.050085452838381617e+00,5.527682693132205394e-01
1.877179399293294471e-01,9.746749625827291208e-01,5.710524773427574363e-01
5.997434727235876339e-01,1.059554798399924724e+00,4.523360216009318924e-01
4.301443683463251899e-01,-2.618306627534586761e-01,-6.651183266477894707e-02
2.110348173403149286e-01,1.552789183603927869e-01,-2.526311937161001553e-01
2.227672980170802841e-02,-4.251992681248339956e-01,-4.862144803974162710e-01
7.370035807865572552e-01,1.198043546163614081e+00,9.930258761646977295e-01
9.669080076357321474e-01,-1.078431492505055322e-02,1.201606568302214129e+00
7.901609001786552566e-01,1.300437470617441749e+00,8.993647312091308521e-01
-1.214976369516244104e-01,8.142716945984787014e-01,5.702565685722360556e-03
1.664358278913662947e-01,7.058930078575476053e-01,1.572614406113944374e-01
3.552017992572026883e-01,4.405893996003181767e-01,-5.546408123135275758e-01
6.429001532969922383e-01,3.083139365212175242e-01,7.679368694486883307e-01
3.005241894143394488e-01,5.449880610841710826e-01,-4.719774527195882974e-01
1.023102618468629377e+00,4.975562612462869350e-02,5.718379244789550953e-02
1.212819407472734978e+00,-2.008084152431139913e-01,9.414620484645170873e-01
3.894026034367519262e-01,2.968444550586815112e-01,8.797681761723976646e-01
9.836066284187784392e-01,-2.459203951430427582e-02,1.608484330192894163e-01
7.291442360936088996e-01,1.577407558885296213e-01,1.200387161357011179e+00
1.299337013959246612e+00,4.122610451830378553e-01,8.502918203005267461e-01
1.042655723759706721e-01,5.360586998502021583e-01,-4.767751574235287726e-01
9.552675049127656859e-01,3.822038636947807100e-01,7.303270988791128460e-01
7.049404488942314639e-01,-1.609912593695820293e-01,1.062268584590204457e+00
9.288659124811012857e-01,1.130329074501398079e+00,1.117076550270055924e+00
5.998617367904759412e-01,7.117782771579357348e-01,7.085174543866195052e-01
1.289800627287289725e+00,1.853547800703528592e-01,7.542062755111165195e-01
8.665729902408707552e-01,-2.366367104000554056e-01,1.153527190581402184e+00
8.207080834454423268e-01,3.712715869071644414e-01,4.137709737974203938e-01
1.451400532576919145e-01,7.671362252047049246e-01,7.851990862194059284e-01
8.805397034342009599e-01,6.601622731460206062e-01,1.992353246443107073e-01
1.433232384270810567e+00,1.299714936944215693e-01,8.370415886531599181e-01
-2.302943413924182225e-01,6.303027802951318703e-01,-3.221993050967654759e-01
-4.207332277964274114e-01,5.746129661351995210e-01,-1.589364074761066004e-01
2.177179121062137179e-01,-5.675924508634461185e-02,-2.081945546490366339e-01
1.205140132171835354e+00,-1.180043105125115899e-01,1.018360339807451220e+00
1.760188679030940118e-01,1.820262291539745114e-01,6.039385376436915420e-01
5.897274843542488210e-01,-3.125969825604458796e-01,9.325881362974508537e-02
2.265701341459324669e-01,3.109134119342323310e-01,7.430211795636187944e-02
-3.605830739543732788e-01,7.027856675987154134e-01,-4.129723237421880078e-01
-3.594260324608689050e-01,8.657557355610518979e-01,-2.952463632866768051e-01
5.877569115740559624e-01,5.641022667230717325e-01,-2.673353199701436478e-01
6.492442323001431648e-01,-2.139702542728172396e-01,-2.538688184153770622e-01
8.810513770832486546e-01,5.679886612363492793e-01,9.719029522106845120e-02
4.762072804446910168e-01,2.611076066950013264e-01,5.940040164841757786e-01
1.873454081141708860e-01,1.131396522825732553e+00,-5.739357561541267305e-01
1.074797710516793625e+00,4.101950306162234217e-01,8.070528920767889858e-01
1.044981286570812573e+00,-3.410706623820597416e-02,6.173837895250580132e-01
8.936896927965505277e-01,1.096141662125196259e+00,7.793777035202906767e-01
8.383223811059081765e-01,3.873654624897753807e-01,4.546363462308695702e-01
9.923360468268485057e-01,3.691358905566427540e-01,6.784774814414682442e-01
-2.405623124467681784e-02,-6.786780694718647089e-02,-1.776763164619716839e-01
3.115324276062221287e-01,2.828198991801322837e-02,5.425467420033838750e-02
1.227717505036595713e-01,9.089232225576223678e-01,6.800880188907341140e-01
1.561905809040805559e-01,6.371953539033369251e-01,-4.217144413120605395e-01
5.906371913401403662e-01,4.865854462823315241e-01,8.789197509495030869e-02
8.287209713066561179e-01,1.706244419540611235e-01,9.517170657039613069e-01
1.001935566362518459e+00,8.768216965038793109e-01,7.519346560783799482e-01
3.473673589306006670e-01,5.619170668764277288e-01,5.618140170641949815e-01
-1.485635869365231621e-01,4.494918530734047235e-01,-2.870703623296161910e-01
-3.298552648678835242e-01,7.539053629429379733e-01,9.451096092311966901e-02
-1.729312188500027325e-01,6.637987124289456142e-01,-2.072543380577873129e-01
8.069982716695622837e-03,4.723809950019693948e-01,-3.102260021940151380e-01
9.988438618028804283e-01,-2.707385314908669072e-01,1.042990955039188927e+00
9.660566964887551400e-01,-9.090820202082877666e-02,6.463046844743535191e-01
-1.004847871338722110e-01,5.503644500138114015e-01,6.076438154703346362e-01
6.720982240616009129e-01,4.120844939666202800e-01,1.059058214749629689e-01
1.140894276220296266e+00,3.704541178708170013e-01,8.157154432272897271e-01
8.539866724321494296e-01,4.319658260443960396e-01,2.318652436132400685e-01
9.847811552605167940e-01,2.241874465326310351e-01,4.495801137961208949e-01
1.658546587913086734e-01,-5.240219560975611923e-02,-1.099240397149444659e-01
-1.879881919298653781e-02,2.331798831844843489e-01,1.809448037762747263e-01
4.407776739431645829e-02,6.129493431917152346e-01,9.252926809288881671e-01
1.026619896386659736e+00,1.112926292061947597e-01,9.446569909413087274e-01
7.409304382367611908e-01,3.800202698237761245e-01,6.250505820817020552e-01
6.051076823090739687e-01,1.163565999236883641e+00,3.689852464662443654e-01
9.142940782543740319e-01,6.378106695607455023e-01,9.428689765642681575e-01
1.353119232065326472e+00,3.580687074492934219e-01,8.057716913308614615e-01
1.367550129062777842e+00,3.855688296802383119e-01,7.136902258885482464e-01
3.618370768509305835e-01,1.498178820283430079e-01,4.329746616785967728e-02
2.150282393242500811e-01,1.019938230600531126e+00,6.345152720638278510e-01
2.204598116937525609e-01,-1.268529060077060455e-01,-3.901853621280639284e-01
6.924721125319563964e-01,7.132488176367912658e-01,5.702743400006466956e-01
1.223144303016066026e-02,9.718737653162240475e-01,2.683908894661901634e-02
4.835531668588997078e-01,-3.796077487349515112e-01,1.882939149982519600e-01
-1.396064100510521211e-01,3.180727904375934556e-01,-4.511837202175461581e-03
5.482208665337293674e-01,9.004487859417409368e-02,-5.807397159758281857e-02
2.977265689369248958e-01,7.180970983584716860e-02,2.509857302419717384e-01
1.241151447187106571e+00,7.880571616014664382e-02,7.044000679756503569e-01
1.070031605586445611e+00,6.000459367072631389e-01,4.505128539569962509e-01
-1.805328157174671544e-01,7.046188831626178928e-01,2.014509403051074343e-01
7.846375483436801579e-02,4.278262382089782490e-01,5.405723173231116174e-01
6.403993804528607114e-01,1.231232901922824752e+00,6.801695312341045074e-01
-9.748883412841802265e-02,2.432541131978772919e-01,-6.526922682298452738e-02
3.491096327817425071e-01,7.016697689409474581e-01,7.229331317171512339e-01
2.833611290162624252e-02,6.418383350719216729e-01,-1.190296722056432555e-01
6.637118884334249902e-01,5.893514895670762810e-01,5.353698140809771688e-01
1.258236612010661171e+00,3.481689401199556388e-01,5.554581520621233448e-01
1.567880047030445478e-01,-1.057542996592195639e-01,-1.563978295246206129e-01
8.378488518588855793e-02,-2.475744116453043597e-02,9.529352775503371897e-02
1.121281696263646488e+00,3.014099821069305962e-01,6.047714787841487194e-01
7.252129337195601932e-01,3.202370668654352381e-01,5.674391060149563959e-01
8.735963703533110580e-01,4.734994839753031703e-02,-2.905788428591423167e-01
7.391292984362018981e-02,4.465397911502494988e-01,2.311322651935829864e-01
3.411761168427130952e-01,1.095615137929520255e+00,7.241768275013087397e-01
5.405467196391831042e-01,1.124876936896625601e+00,9.697255191951206221e-01
2.808159763552363075e-01,9.731115230052843623e-01,8.679384973883993992e-02
1.382410999967235155e-01,4.880898791060519493e-01,7.856805155240933480e-01
4.431880316795820951e-01,-1.087244473570613268e-01,6.754157441687269614e-01
3.838710944138440384e-01,6.153838563601147227e-01,1.372372338081211840e+00
3.836761817457164381e-01,5.538829944838322694e-01,1.380347279847204400e-01
2.966649356415946848e-01,-6.371540903994560301e-02,-2.973235477590922549e-01
8.011690380431807368e-02,2.243605127251044051e-01,-2.859940098837749356e-01
7.102327723444898933e-01,2.266108992701457714e-01,6.966822967105360531e-01
6.754732662116311737e-01,7.650833968370557292e-01,3.087207923428909595e-01
1.533651088715181077e+00,7.005142394468139022e-02,9.190901104586304271e-01
4.662295445310905007e-01,2.688815113949503677e-01,-5.861653535125270764e-01
4.136663537630181353e-01,6.198592327279579539e-01,7.191275078157310929e-03
3.433652222369595886e-01,5.721334208279804656e-03,2.201641126523944392e-01
5.071577424770261633e-01,6.762855506488774093e-01,8.519164323071590772e-01
5.181657532664329935e-01,8.737617355494388116e-01,-1.901139756687894034e-01
7.528143264726219197e-01,1.189575718648374636e+00,8.825876433198864834e-01
3.995778340452459942e-01,4.263309227383083044e-01,1.392749166249749093e+00
9.076178840229388589e-01,-1.946302883757256019e-02,-7.378313418044546435e-02
8.525469961814340358e-01,-2.414004360041696051e-01,1.180595175797261032e+00
9.437707532799766152e-03,3.613621610097615400e-01,5.444913213630295790e-01
6.371080452115549519e-01,8.387984774542680544e-01,8.030163448143035065e-01
6.856389367001384239e-01,5.944491961735115515e-02,7.666219847868491755e-01
4.436447577339859283e-01,-1.344432702260837109e-01,3.190797512420251447e-02
6.702497400130889016e-01,-1.730624706112020572e-01,5.245049432417239199e-01
6.725470799236732411e-02,3.924454643157479494e-01,-9.062475654051210805e-02
6.104822529584954527e-01,4.909829137127786347e-01,9.521684716722705888e-02
6.911361641348817697e-01,9.335256478128640678e-01,7.001383037976507406e-01
9.603834397584880556e-01,3.308572190420666082e-01,9.812222970971098412e-01
6.283527929836537629e-01,8.155795955322449053e-01,9.261529759293241071e-02
1.236866450889095859e-01,2.007373044779347249e-01,-4.341997274518780148e-01
5.918522996596469188e-01,6.547122990931592001e-01,3.957587545558537423e-01
1.014239507548083008e+00,-8.796735897690638462e-02,1.116333227807570827e+00
6.966700263641770752e-01,5.207966229915387268e-01,4.383053867265576109e-01
7.803509209452424988e-01,7.007146445952587843e-01,9.444991216110238952e-01
7.579262975295506521e-01,1.104091726394503592e+00,8.319470988835313552e-01
2.860358117292749469e-02,6.389337167276964990e-03,-3.907135060835003615e-01
3.466928690213800235e-01,3.523643383085545144e-01,1.180868589502336086e+00
9.252839869748259449e-01,-2.129287260425322126e-02,5.067033791737097781e-01
3.066544499750448738e-01,7.727032513275289283e-01,9.349633613977774704e-01
1.135123480063844337e+00,1.029774633481866930e-02,2.597562469329919299e-01
-3.259791551946814581e-01,4.536837724973324382e-01,-3.070728070982149949e-01
7.037376491815569013e-01,1.035117357832670670e+00,8.614814508571042584e-01
5.505954528011295368e-01,7.164831181121804615e-01,-4.348851473822767377e-01
3.310908147970837989e-01,7.024017989029937015e-01,-1.083545225611671770e-01
4.336084792780854347e-01,1.059356434183950091e-02,-4.703656591445173896e-01
8.586221725519471715e-01,-1.210747158657350386e-01,6.322872200136451237e-01
7.148715138906631683e-01,8.431457976606249183e-02,-1.849833286689838152e-01
2.402619832825191315e-01,6.140556440304277830e-01,4.544952657580684230e-01
8.029874000754295693e-01,2.557600107173647608e-01,-3.423814779127269392e-01
5.494746207950003125e-01,6.824964686578076645e-01,1.644897576182343946e-01
1.095539980791064849e+00,3.456436361404031654e-01,3.133491131340008229e-01
5.488609792243152041e-01,1.422889652708280717e-01,6.619841172218723369e-01
5.099857564580337899e-01,7.441799806789135552e-01,6.900433854042311577e-01
7.456475081539150063e-01,-1.668739200974742598e-01,1.740185194471212116e-01
3.067628695312829556e-01,1.162026761559496801e+00,3.141920803630500747e-01
5.318741318965837239e-01,4.526701340525816630e-01,-1.634426800683630443e-01
1.005742536941542031e+00,2.861547262270182079e-01,7.397144348719357776e-01
2.122344111072599349e-02,8.911474322881151044e-01,9.655695228894020654e-02
6.473631606304464103e-02,8.993258020900141148e-01,1.295388502422514521e-01
1.272327595422544366e-01,1.753886926451464767e-01,-2.412926929786518015e-01
-7.252510403697309815e-02,5.847992395178821523e-01,6.622715172725699428e-01
2.680013983077761397e-01,2.576177101881330644e-01,6.838952156315479813e-01
2.298913962026233326e-02,-2.316259670767166767e-01,-2.813701070319710174e-01
-5.894251725258337071e-02,2.183587431303846693e-01,-4.147212399868929755e-01
-1.550874370364302424e-01,9.441985924756582937e-01,7.550165450851678561e-02
5.152414558647502307e-01,8.125341281595470644e-01,3.171218825948987075e-01
5.450553988122603943e-01,-1.130180177758356441e-01,8.316195861512245546e-01
1.057870492340476698e+00,4.803744369569801220e-02,4.991560848920449933e-01
-2.523604851101266533e-01,8.774416421990363091e-01,-7.964196951534519009e-02
4.031580873274073773e-01,4.711386218008648541e-01,-2.719420927146642408e-01
2.327888926007681270e-01,7.252470086280771167e-02,2.958053878647042279e-01
5.137680375745398154e-01,5.788176612728552772e-01,7.685074327880518918e-01
6.261783292539055967e-01,-5.348622771082961469e-02,2.808960453534115054e-01
1.425671037031601696e-01,6.979736777527558722e-01,1.286200984684584270e-01
-1.072310033475701863e-01,7.733067724662532338e-01,8.388278235688724216e-01
7.418958753802484818e-01,-2.295345271445790036e-01,5.747186273206137397e-01
3.174173350243272296e-01,8.727040224118797207e-01,9.550930697291390992e-01
3.584090715985847053e-01,7.891008138313935216e-01,1.280271799617425099e+00
2.540408966923056733e-01,-2.884056139919188855e-02,5.204401468032194833e-01
9.468456993931437804e-01,-1.116387343186161507e-01,3.911943690445589539e-01
1.074107210939403423e+00,-2.412067977894766235e-02,1.155120384198042416e+00
-1.732627628046631285e-01,3.239415378146003888e-01,-4.364095748295651611e-01
6.089780676953633343e-01,-8.314767940850731343e-02,-7.112616003840097623e-01
9.429898616746326123e-01,-1.428844709516375877e-01,1.030027782773451861e+00
7.854105690566203224e-01,6.075099540755970473e-01,1.219107630661331321e-02
5.767190329150345685e-02,6.093256036030550993e-01,-3.978725203551785605e-01
9.597200191697476956e-01,1.197058787882988584e-01,-1.213194671094273702e-01
7.855507829005028420e-01,-1.579195791567239437e-01,9.094103321917097471e-01
5.184173858810805502e-01,-3.843536112398091564e-01,1.737998142166868876e-01
-2.091580923095182065e-02,7.079062710474940401e-01,-1.958192301405851099e-01
1.089103542084253862e+00,1.231625621330223463e-03,-1.885663671821716791e-01
5.764564784704384603e-02,-4.523829435595694282e-01,-5.224390284625488601e-01
8.829427132757223795e-01,4.167008459978392976e-01,2.481145551763153101e-01
4.071434675061293973e-01,1.016778717449873470e+00,1.225765478440930201e+00
5.614493664741355694e-01,8.258243903352896487e-01,4.237282859167556537e-01
2.547013086469082088e-01,-2.708495800199179904e-01,-6.051118403275910218e-01
3.537503146303174750e-01,6.476987526436892573e-01,3.006484927624507586e-01
7.822869691615098597e-01,1.168500148013668083e-01,-5.085175645203749983e-01
6.747728519104496669e-01,1.987299795864728436e-01,-4.317787925979433283e-01
-4.646264814211109595e-02,5.892134462976006404e-02,-4.986501595879246351e-01
-2.196548956029836797e-01,2.754385022130637073e-01,-1.277094486822557551e-01
7.083825317915044550e-01,1.171874143769965348e-01,-2.140299208835072520e-02
1.989169914338044243e-01,4.452841046119779822e-01,1.328135891939612179e-01
8.429192837554011497e-01,6.390542847011065897e-02,-5.382389945353327487e-01
7.006875639616690910e-01,6.631345049724133300e-01,1.153578819584918091e-01
4.690060152949245276e-01,-2.275868323836333085e-02,-1.065274003271101111e-01
8.595331853620946649e-02,9.003464022703772107e-01,1.972876727157621968e-01
4.617079327115966025e-01,2.280335316867316553e-01,4.066264088527353215e-01
4.268971988613655677e-01,1.228338219186901892e-01,1.764043167647445787e-01
-2.907209354623319086e-02,7.198518860262594909e-01,3.462907002139242185e-01
2.261185189944022733e-01,2.003056612545006665e-02,8.512775004766592879e-02
6.514731164298679378e-01,3.411295229649692340e-01,1.176291639106733289e+00
2.031110155560342800e-01,7.173907305565584425e-01,1.427356186139595362e+00
-2.608487072300484932e-01,7.908902838953761893e-01,-4.589069727570155854e-01
6.297322835667895635e-02,2.625204249550131541e-01,3.872239565945823081e-01
4.635684821451510063e-01,1.534496118110014462e-01,-7.042270693902532575e-01
3.075440464322374834e-01,2.915016806633320967e-01,9.221173096051469287e-01
1.064205615143590133e+00,3.508875323903379306e-01,9.498467085196513060e-02
7.483813449467480172e-01,7.311080540537847616e-01,1.182230920547839625e+00
3.380551877425731488e-01,8.768046568456311363e-01,1.637493496544703553e-01
8.993066624360313011e-01,4.973759637084007590e-01,2.423767864127435445e-01
2.430474415309593073e-01,7.592032164123112548e-01,8.005170557188876490e-01
3.776393335255884276e-01,6.979443391503605820e-01,-9.894481613004935117e-02
3.962918799357834088e-02,7.583075333298749943e-01,6.043728224581503827e-01
3.130322082385370575e-01,9.467630577527320623e-01,5.967359237946066042e-01
5.612600305145856172e-01,2.009459805076103389e-01,8.253103759841875497e-01
2.829266480733541034e-01,9.359819485073118672e-01,7.860376357364109445e-01
2.555446820628295979e-01,8.696480786878015845e-01,-4.381268478888328821e-01
7.421505806134301997e-01,-3.002465898825882329e-01,1.453736577594030299e-01
1.349714205394557665e-01,9.761361321240900057e-01,8.143895252366997739e-02
2.383354710421216049e-01,2.458520433584270026e-01,-6.149420172058448486e-01
9.482999213992153731e-01,-1.524497025616060597e-01,1.165308736208603646e+00
7.590919528205860578e-01,4.621421022604071394e-01,1.118569324058299730e-01
4.227071378041092897e-01,6.226518896176250761e-01,1.251237590396070132e-01
1.637283006988825007e-01,5.096944913227435814e-01,8.832365051252415444e-01
6.468674689918124665e-01,1.004140543369384853e+00,7.519276687588980490e-01
1.017546420716655131e-01,-8.337141290857263964e-02,-4.075191736186783431e-01
8.540028304397672132e-01,1.511582917520286895e-01,7.680630938280210707e-01
9.740234955864495170e-01,-9.694328760149489854e-02,4.308480644870242848e-01
3.809264696938395311e-01,9.035089916774080576e-02,5.870776039980252214e-01
1.679212137208818678e-02,3.443013297916263094e-01,-2.899121366351611884e-01
2.306775483296875096e-01,7.603852987044512624e-01,8.852585798896646097e-01
-2.297844840595654192e-01,7.138607400596858055e-01,2.265442929193079991e-01
6.099586883492470468e-01,1.468675328735901120e-01,-8.424144640532811312e-01
3.984043592644480047e-01,8.180673702567768935e-01,4.011747817992976639e-01
1.005909585748921087e+00,-2.240735862368261611e-01,9.125747118228111354e-01
7.992663710075514905e-01,-2.022749178512770474e-01,-1.040211570569751776e-01
1.292998735827056711e-01,3.342116332573255577e-01,-1.345571647959686312e-01
9.924289924966780418e-01,6.442252546372506661e-02,5.612132429589443694e-01
5.683247849376926730e-01,2.634821906459678953e-01,6.819411129203714061e-01
4.338073557792901935e-01,7.232377285950379875e-01,-1.862500602823764506e-01
6.049146967799055030e-01,1.080195190793023841e+00,1.318886834899767324e+00
5.744973242521256296e-01,1.043337159489123644e+00,8.980303537002292114e-01
8.230516420825451096e-01,-3.018081088677493362e-02,-1.494220934916909438e-01
5.395144711311811170e-02,9.318534023544853273e-01,-5.910330464171531517e-01
5.568855557430250069e-01,1.115588881965697277e-01,3.406336271493642931e-01
2.163400029106661293e-01,8.134216907249514072e-02,-2.513430718184588852e-01
5.268071903417779200e-01,1.642987918955537419e-01,8.644692648466774099e-01
1.193436301563595592e+00,4.664670975064181824e-01,9.455434871574976974e-01
7.012838587041392291e-01,-2.131455897717394743e-01,-3.104638999173383040e-01
7.825919791856057461e-01,3.302922937902747491e-01,1.191686433588473815e+00
-6.374067310632169914e-02,1.027078796249041304e-01,-2.883395502766737395e-01
5.169718422068791952e-01,5.541699201479144410e-01,-4.636539763132568326e-01
7.891130653828877239e-01,3.181624520426775682e-01,3.876525805710009376e-01
1.646177136438932154e-01,2.378090530064932151e-01,-6.290714969737782880e-01
1.103041014976744449e+00,1.065016115287680809e-01,1.177106042452330248e-01
1.438164409051360559e+00,-3.060088205287941898e-02,9.166430700455163727e-01
5.252971875378518174e-01,7.107444467746742989e-02,-6.146756422343002679e-02
-1.519436194719747668e-02,4.417375717658873491e-01,1.606073989461282714e-01
-2.506048851806363942e-01,6.419378791182783761e-01,-4.458651587706941588e-01
4.048980912960216672e-01,8.137939558909270676e-01,3.606627665151091455e-01
7.731539744730205888e-01,4.155337805161783971e-01,3.222000235719887917e-01
3.355787260146658735e-01,-1.888305553441375073e-01,-3.094351533454320902e-01
1.895273582268777735e-01,7.979564267827452539e-01,4.633886744414895675e-01
-1.593467807381232504e-01,9.488120166375805242e-01,-4.875375357584141311e-01
6.308117482152990618e-01,6.536653936529482900e-01,1.165995609130529687e+00
3.258823088878098906e-01,8.736265531872673407e-01,8.790149452763156290e-01
9.716672333654499116e-01,5.316619375605620146e-01,9.667626107581579475e-01
7.077846160325081959e-01,-6.835350203219181520e-03,1.263712479345938222e+00
4.862688130719418633e-01,-2.549669947977585283e-01,5.823350865798102571e-01
3.769729208370673490e-01,7.715257911465146501e-01,5.729092664030099868e-02
5.059682836815714291e-01,-3.544717218757633681e-01,3.339479317027072014e-01
8.927782215867638982e-01,2.164446906047386709e-01,8.507163566826723144e-01
5.174118639919361717e-02,7.628504271518238289e-01,2.626812775983353165e-01
8.054816238865217803e-01,-1.120251342935887351e-01,-5.376208669015987152e-01
-1.469515720148006910e-01,4.688562705103154760e-01,3.267311398525785671e-01
-2.078992031583870581e-01,3.861145509905448137e-01,-1.292262991168957598e-02
5.710744818688936464e-01,3.209071874621679532e-01,7.887767036203015003e-01
3.011524501914204510e-01,1.663571512945648256e-01,-5.343836759255025104e-01
5.739395943778539122e-01,-1.616715680272718947e-01,4.668461812344473216e-01
7.963564715006816730e-01,8.822966885009547733e-02,1.257146225195759470e+00
3.919918994646094390e-01,6.914768372771906702e-01,8.888743702783705736e-01
6.084736479535202136e-01,1.134587651669195285e+00,8.106403387715217512e-01
7.766025762456446602e-02,4.179677651144825257e-02,1.208406860111934100e-01
1.907792340235614503e-02,1.107464773014314785e+00,-2.058413524563785235e-01
1.120755200725172540e-01,8.964663123014200430e-01,3.854179660235906857e-01
1.352753500425841082e+00,2.441660997033433811e-01,6.976447748670830951e-01
9.730913721786038639e-01,3.184934165054236210e-01,1.167400381263318465e+00
-4.843935222301813948e-01,7.503345687102249695e-01,9.364042430512364845e-03
5.262089192482374278e-01,1.047622029322900605e+00,6.710791127493000996e-01
2.139925152482671233e-01,8.733768388867482191e-01,-4.471160670922805225e-01
8.898127406804861028e-01,9.546235883134108757e-01,6.671045833756397148e-01
4.883738304409446229e-02,5.363127474463205147e-01,2.977283542097006186e-01
7.202261277037608211e-02,-7.965021856051274218e-02,-1.943568184873912252e-01
7.239517352926130300e-01,2.055656116745252504e-01,7.324724023275337448e-01
8.067956779002427581e-02,-2.357803032744767435e-01,-2.011390709782058805e-01
-2.981933642133217655e-01,5.354294457672705843e-01,-4.313880777601905581e-01
-3.270835324278279499e-01,4.849897253671016650e-01,-2.834530801666604316e-01
2.003151755418484115e-01,-3.593767326842547405e-01,-1.272155574257980981e-01
4.348426794865028477e-01,1.150337871092016018e+00,6.780588091864661049e-01
3.831582434970440820e-01,7.179644137106973023e-01,9.063501265801527929e-01
1.151348404973008943e+00,2.754392248889351857e-01,1.034408514880411412e+00
5.547628218290399094e-01,-4.053835575874285002e-01,5.495932883005030245e-01
1.267962640293736620e-01,7.048816962968174060e-02,2.039919836125542729e-01
3.412086425329976525e-01,2.191516766831697882e-01,2.410908902097671502e-01
3.368415355360279695e-01,7.175856914908846917e-01,1.081919599103417617e+00
2.746195006079725220e-01,3.561321966238096826e-01,5.248611728315901725e-01
8.920579414616578440e-01,1.542932653077342120e-01,-1.735427655152134707e-01
5.001732139787141707e-01,-1.028553749875263934e-01,3.876309647030243832e-01
1.310129395444373568e+00,-2.874800333448623846e-02,5.786633941723875463e-01
9.385490570127896781e-02,9.931584183636693597e-02,7.086922568973699765e-02
9.255444895993474308e-01,5.693283284659900190e-03,-3.656430244044725497e-01
1.475170415276167990e-01,1.196483445935042855e+00,-5.931106994403236854e-01
-4.607317539720612309e-02,7.716807937813003893e-01,7.600139344733976010e-01
2.245878468795070582e-01,1.115477732035531133e+00,-3.167810801655624453e-01
3.835346437699321820e-01,3.052212403579890321e-03,2.160153565314679724e-01
6.484659424996978005e-01,9.747277797163997892e-01,2.467816024553537713e-01
-2.003501525874731293e-01,7.612568230189834528e-01,4.997074649952273351e-01
9.521769732045132217e-02,6.899479125334382346e-01,2.717382066615490199e-01
9.103852715614539903e-01,-1.499748595578582755e-01,5.954443789123420316e-01
2.678231772779036124e-01,9.234861098655592349e-01,1.195461386259606851e+00
8.208864362817034355e-01,6.680718378768153443e-01,1.053803961311333470e+00
9.563818147458921226e-01,2.348318653381706034e-01,1.063076467012057380e+00
4.338083636160033896e-02,-1.516980264248414256e-01,-2.980397943615136769e-01
1.087608788749617972e+00,3.427298246267785342e-01,4.305250853332132088e-01
-1.207026830494981606e-01,2.320090515994982505e-02,-4.379180922089272454e-01
5.261456635983446928e-01,5.304962358329031735e-01,-2.996884329930319946e-01
5.194379087882147195e-01,4.782259973379810458e-01,1.378166772131494966e+00
